id,id_original
1387369957260860000,1387369957260861440
1387369953628670000,1387369953628676097
1387369941054140000,1387369941054148611
1387369934896780000,1387369934896783362
1387369932036340000,1387369932036349959
1387369921839990000,1387369921839996929
1387369919747080000,1387369919747080194
1387369919243640000,1387369919243640835
1387369915217190000,1387369915217190913
1387369913933720000,1387369913933729792
1387369913115830000,1387369913115836418
1387369909265450000,1387369909265453060
1387369907793230000,1387369907793235970
1387369906560130000,1387369906560139267
1387369899853370000,1387369899853373440
1387369899492770000,1387369899492773889
1387369899299780000,1387369899299786755
1387369898809060000,1387369898809065477
1387369897609590000,1387369897609596928
1387369897009700000,1387369897009704962
1387369888520440000,1387369888520441863
1387369888432460000,1387369888432467970
1387369887773880000,1387369887773888512
1387369881801150000,1387369881801150466
1387369877011320000,1387369877011324928
1387369867276280000,1387369867276283907
1387369863069390000,1387369863069396993
1387369858917040000,1387369858917048322
1387369855163240000,1387369855163240449
1387369852705320000,1387369852705329156
1387369851845450000,1387369851845451781
1387369836758450000,1387369836758454273
1387369832807600000,1387369832807608323
1387369830232180000,1387369830232182785
1387369824381140000,1387369824381145094
1387369823307500000,1387369823307509761
1387369822783160000,1387369822783164417
1387369820602170000,1387369820602175494
1387369818211420000,1387369818211422215
1387369816621600000,1387369816621604873
1387369816248480000,1387369816248487937
1387369815883530000,1387369815883538433
1387369815648570000,1387369815648571393
1387369814943940000,1387369814943944705
1387369800318420000,1387369800318427142
1387369796828860000,1387369796828864512
1387369794438040000,1387369794438041602
1387369790906540000,1387369790906544131
1387369784552030000,1387369784552030215
1387369784224800000,1387369784224804872
1387369782119330000,1387369782119333888
1387369778885500000,1387369778885500928
1387369778092770000,1387369778092777472
1387369777530900000,1387369777530908672
1387369777501450000,1387369777501454340
1387369766592170000,1387369766592172035
1387369765002380000,1387369765002383363
1387369754810190000,1387369754810195969
1387369754726470000,1387369754726473731
1387369754273490000,1387369754273492992
1387369751442120000,1387369751442124801
1387369745083760000,1387369745083768834
1387369744081110000,1387369744081117191
1387369740998350000,1387369740998352898
1387369739970760000,1387369739970768898
1387369738175750000,1387369738175754242
1387369737542270000,1387369737542270977
1387369734841140000,1387369734841143299
1387369732639170000,1387369732639178752
1387369729443170000,1387369729443172359
1387369729250180000,1387369729250185218
1387369727618690000,1387369727618699266
1387369727014570000,1387369727014572035
1387369725336980000,1387369725336985601
1387369722384050000,1387369722384052233
1387369721230540000,1387369721230544902
1387369721222380000,1387369721222385664
1387369718177160000,1387369718177165314
1387369716893720000,1387369716893720579
1387369711734700000,1387369711734706184
1387369702809340000,1387369702809346050
1387369700280110000,1387369700280111107
1387369693552450000,1387369693552459777
1387369692843630000,1387369692843630595
1387369692382190000,1387369692382195713
1387369691824400000,1387369691824406528
1387369690113110000,1387369690113118208
1387369685545530000,1387369685545537540
1387369683217610000,1387369683217616896
1387369678591460000,1387369678591467526
1387369669338740000,1387369669338746885
1387369669128900000,1387369669128904704
1387369666528510000,1387369666528518144
1387369666054480000,1387369666054483978
1387369665031280000,1387369665031286786
1387369659603700000,1387369659603709952
1387369657280120000,1387369657280126977
1387369656860790000,1387369656860790784
1387369650346880000,1387369650346881026
1387369640033230000,1387369640033234945
1387369636623260000,1387369636623265793
1387369636249880000,1387369636249886720
1387369632500270000,1387369632500273153
1387369624967120000,1387369624967127041
1387369622085660000,1387369622085668864
1387369619405600000,1387369619405606915
1387369618981980000,1387369618981982208
1387369616322670000,1387369616322678784
1387369605044350000,1387369605044350976
1387369600531180000,1387369600531185667
1387369598027190000,1387369598027194371
1387369595175140000,1387369595175149571
1387369595099510000,1387369595099516929
1387369590003420000,1387369590003429376
1387369586203400000,1387369586203402240
1387369581203790000,1387369581203791877
1387369578418820000,1387369578418823169
1387369576246110000,1387369576246116352
1387369564816690000,1387369564816691203
1387369552363880000,1387369552363888646
1387369550702800000,1387369550702800897
1387369544310730000,1387369544310734857
1387369541030730000,1387369541030739968
1387369539378100000,1387369539378106369
1387369539374130000,1387369539374133249
1387369536479840000,1387369536479846409
1387369534986800000,1387369534986801152
1387369534718360000,1387369534718361600
1387369527948750000,1387369527948759040
1387369527827000000,1387369527827001345
1387369525713250000,1387369525713252354
1387369524622550000,1387369524622553088
1387369516888370000,1387369516888375304
1387369510710090000,1387369510710091782
1387369507790800000,1387369507790802945
1387369504020250000,1387369504020258818
1387369503055560000,1387369503055560712
1387369499901380000,1387369499901382657
1387369498743820000,1387369498743820294
1387369492800360000,1387369492800368640
1387369491990930000,1387369491990937608
1387369489218560000,1387369489218560000
1387369474513380000,1387369474513383425
1387369474236420000,1387369474236420101
1387369471476740000,1387369471476748292
1387369466061750000,1387369466061758470
1387369460458090000,1387369460458090496
1387369450567980000,1387369450567987202
1387369441902550000,1387369441902555141
1387369437821470000,1387369437821472769
1387369437817360000,1387369437817360386
1387369436516990000,1387369436516995072
1387369433392300000,1387369433392304130
1387369431601400000,1387369431601405957
1387369430498380000,1387369430498385922
1387369429139220000,1387369429139222531
1387369428896070000,1387369428896079873
1387369425381180000,1387369425381183494
1387369407932940000,1387369407932940288
1387369407857360000,1387369407857369089
1387369400060280000,1387369400060284929
1387369399741560000,1387369399741566976
1387369399343000000,1387369399343009795
1387369397992310000,1387369397992316930
1387369382339210000,1387369382339219462
1387369378908310000,1387369378908315655
1387369373862550000,1387369373862559747
1387369366899930000,1387369366899937282
1387369359727890000,1387369359727898627
1387369357580250000,1387369357580259328
1387369356447730000,1387369356447731715
1387369355499950000,1387369355499954181
1387369351687260000,1387369351687262208
1387369351179800000,1387369351179800578
1387369347883190000,1387369347883192320
1387369343147650000,1387369343147659269
1387369342917080000,1387369342917087234
1387369326181680000,1387369326181687299
1387369317730230000,1387369317730238464
1387369310268440000,1387369310268444677
1387369306002890000,1387369306002890752
1387369298725770000,1387369298725773318
1387369297140350000,1387369297140350979
1387369295320010000,1387369295320010754
1387369295072560000,1387369295072563201
1387369290723170000,1387369290723176450
1387369282418400000,1387369282418401287
1387369265003590000,1387369265003597831
1387369263166470000,1387369263166476296
1387369255184870000,1387369255184879617
1387369254840770000,1387369254840770562
1387369254689900000,1387369254689906692
1387369252378730000,1387369252378738689
1387369251535780000,1387369251535785984
1387369251409950000,1387369251409956866
1387369248033440000,1387369248033447937
1387369241561600000,1387369241561604100
1387369240240530000,1387369240240533508
1387369239384780000,1387369239384780800
1387369237186890000,1387369237186891780
1387369231948280000,1387369231948288000
1387369218014770000,1387369218014777352
1387369211639520000,1387369211639521282
1387369210943310000,1387369210943311873
1387369209487780000,1387369209487781888
1387369208049130000,1387369208049139715
1387369206954530000,1387369206954532865
1387369206195310000,1387369206195314691
1387369204861390000,1387369204861394944
1387369203615740000,1387369203615748096
1387369203439700000,1387369203439702016
1387369201929700000,1387369201929707530
1387369200570800000,1387369200570802176
1387369199333510000,1387369199333515270
1387369198846800000,1387369198846808074
1387369197991250000,1387369197991251970
1387369196321910000,1387369196321918978
1387369195055240000,1387369195055243264
1387369195055150000,1387369195055157251
1387369193801240000,1387369193801240580
1387369192459010000,1387369192459018243
1387369191267650000,1387369191267655686
1387369191183900000,1387369191183900677
1387369177225300000,1387369177225302018
1387369152499910000,1387369152499916802
1387369151396600000,1387369151396605959
1387369149165340000,1387369149165342721
1387369148527820000,1387369148527828994
1387369145721710000,1387369145721712641
1387369133180820000,1387369133180821505
1387369131981240000,1387369131981246465
1387369131125740000,1387369131125747714
1387369130278360000,1387369130278363137
1387369129569440000,1387369129569443851
1387369128411930000,1387369128411938819
1387369123479350000,1387369123479359493
1387369121503860000,1387369121503866884
1387369121277360000,1387369121277366275
1387369118119170000,1387369118119170049
1387369110296620000,1387369110296621059
1387369107058740000,1387369107058745345
1387369105783760000,1387369105783762945
1387369104974100000,1387369104974106626
1387369085936310000,1387369085936316420
1387369084073900000,1387369084073906178
1387369082769480000,1387369082769481730
1387369082413010000,1387369082413010944
1387369058010540000,1387369058010546179
1387369056852970000,1387369056852971520
1387369051509290000,1387369051509297152
1387369051077310000,1387369051077316620
1387369041111690000,1387369041111695362
1387369041082390000,1387369041082396674
1387369027274610000,1387369027274612736
1387369025974430000,1387369025974439938
1387369025928260000,1387369025928269825
1387369022375820000,1387369022375829505
1387369021599710000,1387369021599719425
1387369021410970000,1387369021410971660
1387369021088010000,1387369021088010245
1387369020723180000,1387369020723183620
1387369018533630000,1387369018533638146
1387369014666610000,1387369014666616838
1387369000208710000,1387369000208719873
1387368999764190000,1387368999764193281
1387368995775520000,1387368995775524868
1387368990956310000,1387368990956310532
1387368989421030000,1387368989421039622
1387368989177910000,1387368989177917442
1387368987193790000,1387368987193790465
1387368986866760000,1387368986866765825
1387368981833470000,1387368981833478147
1387368974074050000,1387368974074056704
1387368973507820000,1387368973507829761
1387368955438890000,1387368955438899200
1387368954469830000,1387368954469838853
1387368953844990000,1387368953844994048
1387368952389680000,1387368952389685252
1387368951772970000,1387368951772971014
1387368949680110000,1387368949680115713
1387368942591690000,1387368942591692803
1387368942008780000,1387368942008782852
1387368940867880000,1387368940867887108
1387368937126510000,1387368937126518787
1387368923415250000,1387368923415252993
1387368919632130000,1387368919632130048
1387368918361150000,1387368918361153545
1387368917493020000,1387368917493026816
1387368914645040000,1387368914645041152
1387368911981610000,1387368911981613061
1387368910815600000,1387368910815600643
1387368909590960000,1387368909590962176
1387368907632210000,1387368907632218114
1387368906306630000,1387368906306637825
1387368905509850000,1387368905509851137
1387368903341440000,1387368903341445125
1387368900942170000,1387368900942176259
1387368891718930000,1387368891718934530
1387368888254400000,1387368888254406656
1387368861343770000,1387368861343772680
1387368856419660000,1387368856419667968
1387368855547240000,1387368855547248644
1387368854242920000,1387368854242922500
1387368852317770000,1387368852317773824
1387368833216760000,1387368833216761856
1387368832906500000,1387368832906506244
1387368830809380000,1387368830809382915
1387368829924240000,1387368829924245508
1387368825926990000,1387368825926995971
1387368822672300000,1387368822672302084
1387368820348680000,1387368820348686338
1387368808617210000,1387368808617218054
1387368803240080000,1387368803240083460
1387368802497660000,1387368802497662980
1387368800618610000,1387368800618618884
1387368798395660000,1387368798395662337
1387368793173860000,1387368793173860356
1387368792469160000,1387368792469168129
1387368792125280000,1387368792125288450
1387368791605190000,1387368791605194752
1387368790866990000,1387368790866993153
1387368790225190000,1387368790225195009
1387368789029830000,1387368789029838849
1387368787276590000,1387368787276599298
1387368786685090000,1387368786685095941
1387368779730930000,1387368779730939911
1387368778766420000,1387368778766426114
1387368778665640000,1387368778665644032
1387368761641020000,1387368761641029636
1387368754787400000,1387368754787409925
1387368750878530000,1387368750878535680
1387368749221780000,1387368749221785605
1387368742619800000,1387368742619803652
1387368741139210000,1387368741139218432
1387368737641300000,1387368737641308161
1387368727180620000,1387368727180623874
1387368716451550000,1387368716451553286
1387368711154110000,1387368711154114560
1387368711045060000,1387368711045062658
1387368709581420000,1387368709581426693
1387368708595750000,1387368708595757058
1387368705907210000,1387368705907216392
1387368704564940000,1387368704564944898
1387368691139060000,1387368691139063815
1387368686848250000,1387368686848253954
1387368686281960000,1387368686281965569
1387368685992560000,1387368685992562688
1387368681949330000,1387368681949339653
1387368673497820000,1387368673497821191
1387368670830030000,1387368670830030848
1387368669383110000,1387368669383118854
1387368666656810000,1387368666656817165
1387368649011470000,1387368649011470339
1387368645244950000,1387368645244956672
1387368641658850000,1387368641658855426
1387368631324050000,1387368631324057607
1387368630619360000,1387368630619361281
1387368620976700000,1387368620976705539
1387368604438450000,1387368604438450181
1387368603066850000,1387368603066855424
1387368600286130000,1387368600286138369
1387368598390380000,1387368598390386690
1387368596372860000,1387368596372865033
1387368588126910000,1387368588126916613
1387368585090240000,1387368585090240513
1387368584830140000,1387368584830144513
1387368577662060000,1387368577662062592
1387368576739420000,1387368576739422210
1387368573069360000,1387368573069369344
1387368567809740000,1387368567809748995
1387368565007780000,1387368565007781896
1387368561560230000,1387368561560231940
1387368556329800000,1387368556329803781
1387368555470110000,1387368555470114817
1387368551913300000,1387368551913304067
1387368551363880000,1387368551363883013
1387368551040920000,1387368551040921601
1387368548322910000,1387368548322918402
1387368548104760000,1387368548104769539
1387368547026880000,1387368547026886656
1387368540718730000,1387368540718735360
1387368538604630000,1387368538604638211
1387368536549510000,1387368536549511175
1387368534943150000,1387368534943150084
1387368531310700000,1387368531310702593
1387368529851290000,1387368529851297794
1387368524339760000,1387368524339769344
1387368523685520000,1387368523685527558
1387368517054390000,1387368517054390279
1387368512692310000,1387368512692310023
1387368499987680000,1387368499987685380
1387368499870370000,1387368499870375936
1387368499635310000,1387368499635318792
1387368498633000000,1387368498633003012
1387368498473700000,1387368498473705472
1387368498213510000,1387368498213519360
1387368498071060000,1387368498071064580
1387368497542530000,1387368497542537216
1387368497517230000,1387368497517236234
1387368497206860000,1387368497206861825
1387368497169280000,1387368497169289216
1387368497160740000,1387368497160749058
1387368497139690000,1387368497139699716
1387368497118800000,1387368497118806020
1387368496309300000,1387368496309309443
1387368496263160000,1387368496263168000
1387368496170950000,1387368496170950659
1387368494237460000,1387368494237462528
1387368491871830000,1387368491871838211
1387368491011890000,1387368491011895296
1387368484699520000,1387368484699525121
1387368480236780000,1387368480236781568
1387368471802080000,1387368471802089480
1387368471315490000,1387368471315496965
1387368467872070000,1387368467872075777
1387368466932430000,1387368466932436993
1387368466156600000,1387368466156605441
1387368461383320000,1387368461383323653
1387368457029630000,1387368457029636098
1387368450096450000,1387368450096451589
1387368447156300000,1387368447156305924
1387368446825000000,1387368446825009152
1387368441800050000,1387368441800052740
1387368441502480000,1387368441502486534
1387368441372360000,1387368441372360705
1387368437903590000,1387368437903593476
1387368432736270000,1387368432736276480
1387368428361730000,1387368428361732098
1387368428068080000,1387368428068085762
1387368427619110000,1387368427619110915
1387368427262700000,1387368427262709761
1387368421096970000,1387368421096976387
1387368420660970000,1387368420660977667
1387368417347480000,1387368417347489793
1387368409692880000,1387368409692884993
1387368400771500000,1387368400771506176
1387368397684540000,1387368397684543490
1387368392462680000,1387368392462684162
1387368392391270000,1387368392391278594
1387368390814320000,1387368390814322690
1387368389438590000,1387368389438590976
1387368381184040000,1387368381184049153
1387368379971890000,1387368379971895299
1387368367426650000,1387368367426654209
1387368363320500000,1387368363320504322
1387368363186340000,1387368363186348032
1387368362313800000,1387368362313801729
1387368359377860000,1387368359377862660
1387368358446710000,1387368358446714884
1387368348313430000,1387368348313432067
1387368344651580000,1387368344651587585
1387368340067340000,1387368340067340289
1387368335742880000,1387368335742889993
1387368327631310000,1387368327631314944
1387368327337570000,1387368327337578499
1387368326419130000,1387368326419132416
1387368320819550000,1387368320819556353
1387368319519320000,1387368319519322112
1387368317699160000,1387368317699166208
1387368307096000000,1387368307096002561
1387368304210110000,1387368304210112514
1387368303312700000,1387368303312703488
1387368302406780000,1387368302406782978
1387368299143510000,1387368299143512069
1387368296421410000,1387368296421412875
1387368292369800000,1387368292369805317
1387368289282650000,1387368289282658307
1387368282869560000,1387368282869563393
1387368273474330000,1387368273474330626
1387368260102990000,1387368260102991873
1387368254834880000,1387368254834884614
1387368248337910000,1387368248337911808
1387368246492510000,1387368246492516354
1387368240826010000,1387368240826011648
1387368225692790000,1387368225692798981
1387368218180840000,1387368218180849667
1387368213588100000,1387368213588103170
1387368208009660000,1387368208009662464
1387368204708630000,1387368204708634627
1387368199478560000,1387368199478562817
1387368199042310000,1387368199042310146
1387368195980330000,1387368195980337154
1387368192713140000,1387368192713142275
1387368192658620000,1387368192658624513
1387368191601430000,1387368191601438727
1387368188325740000,1387368188325744651
1387368186505530000,1387368186505539586
1387368186195020000,1387368186195025922
1387368182139200000,1387368182139207686
1387368176866920000,1387368176866926592
1387368174790840000,1387368174790844419
1387368174744650000,1387368174744653827
1387368170110000000,1387368170110005253
1387368169468130000,1387368169468137482
1387368168876770000,1387368168876773381
1387368167228460000,1387368167228465155
1387368166083470000,1387368166083473408
1387368160861380000,1387368160861384704
1387368158797900000,1387368158797905920
1387368153198560000,1387368153198563331
1387368150149180000,1387368150149189632
1387368150019230000,1387368150019231744
1387368142666550000,1387368142666551301
1387368136249240000,1387368136249249798
1387368135750210000,1387368135750213641
1387368133028050000,1387368133028057088
1387368120650760000,1387368120650768385
1387368111037240000,1387368111037247496
1387368109015650000,1387368109015658499
1387368099654110000,1387368099654115336
1387368093291320000,1387368093291327491
1387368080787990000,1387368080787996677
1387368068897130000,1387368068897132548
1387368061125200000,1387368061125201920
1387368060558840000,1387368060558843906
1387368060554720000,1387368060554727424
1387368059204160000,1387368059204161541
1387368046675690000,1387368046675697666
1387368041818770000,1387368041818771459
1387368040212300000,1387368040212303873
1387368033811800000,1387368033811800066
1387368033094620000,1387368033094623232
1387368027910510000,1387368027910516736
1387368023460300000,1387368023460302848
1387368016577540000,1387368016577540099
1387368015050590000,1387368015050592258
1387368014249660000,1387368014249660416
1387368010298580000,1387368010298580994
1387368009254060000,1387368009254068232
1387368006880300000,1387368006880309248
1387368006179640000,1387368006179643398
1387368005307350000,1387368005307351042
1387368000832080000,1387368000832081920
1387367999150050000,1387367999150051332
1387367996285500000,1387367996285505537
1387367994037250000,1387367994037256196
1387367992946720000,1387367992946724866
1387367992795720000,1387367992795729921
1387367991336120000,1387367991336124417
1387367976848980000,1387367976848986116
1387367975787940000,1387367975787941893
1387367974475020000,1387367974475022341
1387367970226200000,1387367970226200577
1387367968946920000,1387367968946929666
1387367967814550000,1387367967814557699
1387367967617340000,1387367967617343492
1387367967365550000,1387367967365550088
1387367964341460000,1387367964341465089
1387367963423120000,1387367963423121413
1387367959278940000,1387367959278940163
1387367952580850000,1387367952580857859
1387367950039100000,1387367950039101449
1387367947224680000,1387367947224682504
1387367943445560000,1387367943445561351
1387367943399510000,1387367943399514119
1387367943307070000,1387367943307075584
1387367936742940000,1387367936742944771
1387367919911270000,1387367919911276544
1387367914177650000,1387367914177654787
1387367913175140000,1387367913175142401
1387367912705590000,1387367912705597440
1387367894619620000,1387367894619627524
1387367892144970000,1387367892144975872
1387367884150680000,1387367884150689792
1387367880120060000,1387367880120061953
1387367875975990000,1387367875975991300
1387367872943550000,1387367872943558658
1387367854522130000,1387367854522130435
1387367844892050000,1387367844892053516
1387367844468250000,1387367844468252674
1387367841851180000,1387367841851183104
1387367838202040000,1387367838202044419
1387367832657300000,1387367832657309698
1387367828949400000,1387367828949409793
1387367814340610000,1387367814340612096
1387367813216530000,1387367813216538627
1387367811375370000,1387367811375374341
1387367810578450000,1387367810578452480
1387367810519620000,1387367810519625730
1387367810234470000,1387367810234470404
1387367807986420000,1387367807986421765
1387367800046590000,1387367800046596099
1387367798037310000,1387367798037311492
1387367789116140000,1387367789116149762
1387367782979800000,1387367782979801088
1387367782715720000,1387367782715727873
1387367776831020000,1387367776831029249
1387367773936830000,1387367773936836610
1387367771659550000,1387367771659554820
1387367770598290000,1387367770598297607
1387367769839210000,1387367769839218690
1387367769792940000,1387367769792942086
1387367753217150000,1387367753217150979
1387367752860670000,1387367752860672002
1387367752441150000,1387367752441151488
1387367750042100000,1387367750042103810
1387367741309470000,1387367741309472771
1387367726490910000,1387367726490914821
1387367723420710000,1387367723420717061
1387367716957320000,1387367716957327363
1387367715959090000,1387367715959099397
1387367709667690000,1387367709667692546
1387367708468170000,1387367708468170756
1387367699005720000,1387367699005726722
1387367697248390000,1387367697248399362
1387367696493330000,1387367696493330439
1387367695570640000,1387367695570640903
1387367692160530000,1387367692160536578
1387367684904470000,1387367684904472585
1387367682425570000,1387367682425573380
1387367671180580000,1387367671180582914
1387367666952850000,1387367666952851465
1387367666067940000,1387367666067943428
1387367662066420000,1387367662066421761
1387367648967670000,1387367648967671811
1387367648346860000,1387367648346869762
1387367644412760000,1387367644412760066
1387367634589550000,1387367634589556742
1387367632924410000,1387367632924413955
1387367629057230000,1387367629057236992
1387367613190190000,1387367613190197251
1387367603983760000,1387367603983761408
1387367601211270000,1387367601211277315
1387367601127490000,1387367601127493637
1387367595108610000,1387367595108614144
1387367590629190000,1387367590629191682
1387367583062660000,1387367583062663171
1387367577597480000,1387367577597489158
1387367577547050000,1387367577547051008
1387367565903550000,1387367565903556608
1387367560904070000,1387367560904073223
1387367557989070000,1387367557989076993
1387367556860750000,1387367556860755970
1387367552205070000,1387367552205078531
1387367547066930000,1387367547066933249
1387367542218390000,1387367542218399754
1387367539722910000,1387367539722919938
1387367535654400000,1387367535654408194
1387367529815890000,1387367529815891972
1387367522907790000,1387367522907791364
1387367519313400000,1387367519313403904
1387367512204090000,1387367512204095488
1387367510081630000,1387367510081638400
1387367508047450000,1387367508047454213
1387367507678300000,1387367507678302209
1387367507107860000,1387367507107860482
1387367499717550000,1387367499717558278
1387367494554370000,1387367494554370048
1387367485297540000,1387367485297545224
1387367483519250000,1387367483519250432
1387367479731570000,1387367479731572737
1387367477009470000,1387367477009473538
1387367476179070000,1387367476179075074
1387367475587670000,1387367475587674112
1387367472798440000,1387367472798441481
1387367472370650000,1387367472370655232
1387367459733260000,1387367459733262341
1387367452208760000,1387367452208766979
1387367445468480000,1387367445468487688
1387367445350940000,1387367445350948864
1387367439365700000,1387367439365705728
1387367430050090000,1387367430050091012
1387367425612650000,1387367425612656642
1387367418549300000,1387367418549309446
1387367415135310000,1387367415135313925
1387367404670520000,1387367404670529536
1387367402829230000,1387367402829238272
1387367401164080000,1387367401164087298
1387367393622640000,1387367393622642692
1387367386861340000,1387367386861342722
1387367382117580000,1387367382117589006
1387367380884590000,1387367380884590594
1387367372974010000,1387367372974018564
1387367371011150000,1387367371011153924
1387367370407040000,1387367370407047168
1387367370239340000,1387367370239348736
1387367363851340000,1387367363851341828
1387367362714810000,1387367362714816515
1387367353902670000,1387367353902673921
1387367351763470000,1387367351763472385
1387367351444800000,1387367351444807684
1387367349901210000,1387367349901213697
1387367348688940000,1387367348688941058
1387367340795370000,1387367340795379712
1387367338807330000,1387367338807332869
1387367338413000000,1387367338413002755
1387367332096340000,1387367332096348160
1387367327088380000,1387367327088381953
1387367322755770000,1387367322755772416
1387367320415120000,1387367320415129603
1387367319580540000,1387367319580540932
1387367309895890000,1387367309895897088
1387367308650230000,1387367308650233857
1387367305416430000,1387367305416433666
1387367303830920000,1387367303830929408
1387367302413300000,1387367302413303814
1387367295706590000,1387367295706599426
1387367294246930000,1387367294246932487
1387367288085430000,1387367288085434368
1387367287712190000,1387367287712194569
1387367287410200000,1387367287410204676
1387367283765430000,1387367283765432321
1387367279638220000,1387367279638220802
1387367276823940000,1387367276823945218
1387367276098110000,1387367276098113536
1387367268993030000,1387367268993036288
1387367265369210000,1387367265369219075
1387367261569270000,1387367261569273858
1387367261548190000,1387367261548199939
1387367261191770000,1387367261191774209
1387367259677480000,1387367259677487106
1387367254463960000,1387367254463967234
1387367252140470000,1387367252140470274
1387367250248680000,1387367250248683530
1387367248038430000,1387367248038436867
1387367247740640000,1387367247740645377
1387367246188530000,1387367246188539909
1387367240496930000,1387367240496939014
1387367239440110000,1387367239440117761
1387367238152320000,1387367238152327170
1387367238123100000,1387367238123102217
1387367238009820000,1387367238009827333
1387367237556840000,1387367237556842497
1387367235086420000,1387367235086426115
1387367231714170000,1387367231714177024
1387367230954990000,1387367230954999809
1387367214014140000,1387367214014140418
1387367211447190000,1387367211447193603
1387367209098510000,1387367209098518530
1387367198969180000,1387367198969188354
1387367198092560000,1387367198092562432
1387367196221910000,1387367196221915138
1387367196083500000,1387367196083507205
1387367193973820000,1387367193973829636
1387367191058810000,1387367191058817028
1387367187480920000,1387367187480924160
1387367183915770000,1387367183915773956
1387367182338760000,1387367182338768899
1387367177645430000,1387367177645436929
1387367175929960000,1387367175929962498
1387367173702640000,1387367173702643712
1387367168765960000,1387367168765960195
1387367167360970000,1387367167360970757
1387367150298410000,1387367150298419200
1387367149820320000,1387367149820329990
1387367147375100000,1387367147375108096
1387367144359390000,1387367144359399425
1387367143369540000,1387367143369543683
1387367141209380000,1387367141209382919
1387367141066770000,1387367141066772481
1387367133353580000,1387367133353586689
1387367129373020000,1387367129373020160
1387367128810930000,1387367128810938372
1387367126101640000,1387367126101643269
1387367122850950000,1387367122850955267
1387367109592710000,1387367109592719361
1387367108355310000,1387367108355313666
1387367106669270000,1387367106669277187
1387367099908060000,1387367099908063236
1387367096116380000,1387367096116387843
1387367095256550000,1387367095256551430
1387367087220260000,1387367087220264963
1387367083168520000,1387367083168526337
1387367077334240000,1387367077334245381
1387367073546780000,1387367073546784777
1387367072460570000,1387367072460574720
1387367069398840000,1387367069398847489
1387367061047870000,1387367061047873536
1387367060888550000,1387367060888559620
1387367060729070000,1387367060729073672
1387367059143760000,1387367059143761926
1387367058816610000,1387367058816618499
1387367052986310000,1387367052986314757
1387367043666690000,1387367043666698244
1387367039627450000,1387367039627452417
1387367038310480000,1387367038310486016
1387367034359480000,1387367034359488515
1387367033311040000,1387367033311043589
1387367032300170000,1387367032300179458
1387367020585440000,1387367020585443330
1387367010162640000,1387367010162647044
1387367007281060000,1387367007281061892
1387367006953890000,1387367006953897985
1387367005695750000,1387367005695750156
1387367002998820000,1387367002998820865
1387367002621210000,1387367002621218818
1387366998691150000,1387366998691155972
1387366997936190000,1387366997936197632
1387366992009600000,1387366992009601027
1387366990155630000,1387366990155632642
1387366981129530000,1387366981129539586
1387366980139850000,1387366980139851779
1387366974456580000,1387366974456582149
1387366963115080000,1387366963115081730
1387366946040050000,1387366946040057862
1387366934778450000,1387366934778454018
1387366923684360000,1387366923684368386
1387366920953920000,1387366920953925635
1387366916793110000,1387366916793114629
1387366916625370000,1387366916625375232
1387366912967970000,1387366912967970817
1387366910027830000,1387366910027837447
1387366909042160000,1387366909042167811
1387366903019150000,1387366903019151365
1387366896744500000,1387366896744509443
1387366893883780000,1387366893883781121
1387366893800110000,1387366893800116230
1387366875865120000,1387366875865120769
1387366867690470000,1387366867690471425
1387366864095890000,1387366864095899648
1387366862485430000,1387366862485434369
1387366857317950000,1387366857317957634
1387366852150670000,1387366852150677504
1387366845427160000,1387366845427167234
1387366843195720000,1387366843195723778
1387366841769680000,1387366841769680897
1387366830835120000,1387366830835126278
1387366830105320000,1387366830105321473
1387366822232530000,1387366822232530947
1387366808416650000,1387366808416657411
1387366807544130000,1387366807544139777
1387366796416760000,1387366796416765954
1387366792465560000,1387366792465567752
1387366786329370000,1387366786329370627
1387366774543310000,1387366774543314944
1387366771699720000,1387366771699720192
1387366771640860000,1387366771640864779
1387366763109740000,1387366763109748742
1387366758437190000,1387366758437191680
1387366756767830000,1387366756767830016
1387366756105290000,1387366756105297923
1387366755010540000,1387366755010547716
1387366753622270000,1387366753622274049
1387366752619840000,1387366752619843588
1387366751579610000,1387366751579615232
1387366746626000000,1387366746626002944
1387366745674030000,1387366745674031105
1387366738866720000,1387366738866720768
1387366738833010000,1387366738833018889
1387366737343960000,1387366737343967239
1387366736492700000,1387366736492703746
1387366730159290000,1387366730159296518
1387366724933190000,1387366724933193732
1387366720512290000,1387366720512299009
1387366717559560000,1387366717559562248
1387366715130990000,1387366715130998785
1387366711020630000,1387366711020634116
1387366704649540000,1387366704649547785
1387366702619360000,1387366702619365377
1387366695010930000,1387366695010930690
1387366692360260000,1387366692360269825
1387366685917590000,1387366685917597698
1387366681794660000,1387366681794662406
1387366679139600000,1387366679139602432
1387366674639290000,1387366674639294465
1387366666896430000,1387366666896433152
1387366658935820000,1387366658935828480
1387366658684170000,1387366658684170243
1387366652820420000,1387366652820422661
1387366650538820000,1387366650538827781
1387366648756060000,1387366648756068352
1387366646864560000,1387366646864564227
1387366644981420000,1387366644981420032
1387366644138350000,1387366644138356745
1387366641596560000,1387366641596567552
1387366641307030000,1387366641307033602
1387366635867150000,1387366635867152387
1387366629084910000,1387366629084913665
1387366623896470000,1387366623896473605
1387366622508240000,1387366622508240899
1387366622453710000,1387366622453710851
1387366620947880000,1387366620947881986
1387366616640490000,1387366616640495616
1387366602203700000,1387366602203705351
1387366599083110000,1387366599083110401
1387366596906120000,1387366596906127362
1387366589566090000,1387366589566095373
1387366588828060000,1387366588828065794
1387366586567230000,1387366586567233537
1387366579839500000,1387366579839504389
1387366577901900000,1387366577901907968
1387366577415370000,1387366577415376897
1387366563527880000,1387366563527880706
1387366549422550000,1387366549422551041
1387366546461260000,1387366546461261824
1387366543202200000,1387366543202209795
1387366540509590000,1387366540509597696
1387366536235470000,1387366536235479043
1387366521509340000,1387366521509347330
1387366516967020000,1387366516967026689
1387366515578630000,1387366515578638336
1387366511556370000,1387366511556370439
1387366505982020000,1387366505982021635
1387366505445220000,1387366505445220356
1387366505206230000,1387366505206239232
1387366503402530000,1387366503402532868
1387366501636840000,1387366501636845573
1387366498797160000,1387366498797162496
1387366497748710000,1387366497748717573
1387366494816840000,1387366494816849924
1387366493424430000,1387366493424439298
1387366492270840000,1387366492270841867
1387366491130100000,1387366491130105857
1387366488458370000,1387366488458371072
1387366480593960000,1387366480593960963
1387366476852510000,1387366476852514825
1387366469697160000,1387366469697163266
1387366466136190000,1387366466136195072
1387366452638850000,1387366452638851072
1387366451284030000,1387366451284037637
1387366448415310000,1387366448415318022
1387366440265710000,1387366440265715717
1387366435781950000,1387366435781955585
1387366433127120000,1387366433127124997
1387366429725360000,1387366429725364226
1387366425703020000,1387366425703026692
1387366417004040000,1387366417004044291
1387366413715730000,1387366413715734530
1387366409852930000,1387366409852932099
1387366404937090000,1387366404937093123
1387366404664480000,1387366404664483840
1387366396896630000,1387366396896632835
1387366383650890000,1387366383650893831
1387366383391020000,1387366383391027200
1387366374314540000,1387366374314545152
1387366369176520000,1387366369176522757
1387366368597610000,1387366368597610502
1387366368144650000,1387366368144658432
1387366359063940000,1387366359063949313
1387366356509770000,1387366356509773832
1387366355066700000,1387366355066707975
1387366353867240000,1387366353867247616
1387366344971100000,1387366344971100161
1387366329041230000,1387366329041231874
1387366326377790000,1387366326377799685
1387366325010550000,1387366325010550784
1387366316890280000,1387366316890284035
1387366315342520000,1387366315342528516
1387366306576480000,1387366306576486404
1387366306010340000,1387366306010345473
1387366305657990000,1387366305657991176
1387366302575100000,1387366302575104000
1387366302470180000,1387366302470184963
1387366301849440000,1387366301849440258
1387366297026030000,1387366297026039810
1387366286305350000,1387366286305357826
1387366284149410000,1387366284149415937
1387366283478550000,1387366283478552577
1387366280311750000,1387366280311754754
1387366269599450000,1387366269599457285
1387366266663530000,1387366266663538696
1387366265463970000,1387366265463975936
1387366263463230000,1387366263463231493
1387366257809300000,1387366257809309697
1387366252688150000,1387366252688154625
1387366251438260000,1387366251438264325
1387366246522540000,1387366246522540033
1387366245159160000,1387366245159165954
1387366243858990000,1387366243858993152
1387366242701360000,1387366242701365248
1387366240113460000,1387366240113467392
1387366232165270000,1387366232165273600
1387366227182420000,1387366227182424067
1387366223919390000,1387366223919390720
1387366223692710000,1387366223692713988
1387366218374450000,1387366218374451202
1387366216939960000,1387366216939966470
1387366216663060000,1387366216663060483
1387366205841800000,1387366205841809417
1387366198250150000,1387366198250151939
1387366197180730000,1387366197180735491
1387366194307540000,1387366194307547143
1387366192948510000,1387366192948518915
1387366192147570000,1387366192147574786
1387366188112540000,1387366188112547844
1387366186812420000,1387366186812428294
1387366181607190000,1387366181607198721
1387366169724780000,1387366169724784645
1387366164305790000,1387366164305793026
1387366163311520000,1387366163311521797
1387366154767900000,1387366154767904773
1387366148543480000,1387366148543483908
1387366146500960000,1387366146500964360
1387366144781070000,1387366144781078530
1387366142554080000,1387366142554087424
1387366133225990000,1387366133225992193
1387366132856730000,1387366132856737792
1387366130306760000,1387366130306764801
1387366127999840000,1387366127999848457
1387366127525890000,1387366127525892097
1387366112443040000,1387366112443047937
1387366109066640000,1387366109066645506
1387366105338060000,1387366105338064907
1387366105329560000,1387366105329569795
1387366101923810000,1387366101923811329
1387366098669010000,1387366098669015044
1387366097486220000,1387366097486221312
1387366092100750000,1387366092100755458
1387366090070630000,1387366090070630410
1387366085268220000,1387366085268226052
1387370564424290000,1387370564424290312
1387370559072130000,1387370559072137218
1387370557461640000,1387370557461643272
1387370554395610000,1387370554395611138
1387370553955070000,1387370553955078151
1387370551614720000,1387370551614722048
1387370551254170000,1387370551254175750
1387370548506720000,1387370548506726405
1387370547596730000,1387370547596730368
1387370547424770000,1387370547424776192
1387370546917100000,1387370546917109762
1387370544551670000,1387370544551677954
1387370541573560000,1387370541573566468
1387370539820340000,1387370539820347395
1387370539556030000,1387370539556036611
1387370539379870000,1387370539379871750
1387370535202430000,1387370535202430976
1387370530190150000,1387370530190159873
1387370530186010000,1387370530186010628
1387370526885170000,1387370526885171200
1386825470931520000,1386825470931521539
1386825453965610000,1386825453965619206
1386825449662290000,1386825449662296064
1386825446977720000,1386825446977720321
1386825440623570000,1386825440623579137
1386825434864790000,1386825434864799746
1386825426572550000,1386825426572558336
1386825424794260000,1386825424794267651
1386825408239210000,1386825408239210497
1386825402467830000,1386825402467831809
1386825376844890000,1386825376844898304
1386825375485850000,1386825375485857794
1386825368213070000,1386825368213073920
1386825354640190000,1386825354640191493
1386825352274650000,1386825352274657280
1386825349896470000,1386825349896474631
1386825339364590000,1386825339364597766
1386825333463120000,1386825333463126021
1386825324684440000,1386825324684447746
1386825321022880000,1386825321022885895
1387194844959800000,1387194844959809538
1387194842829180000,1387194842829185026
1387194842137120000,1387194842137120771
1387194840283320000,1387194840283328515
1387194835573010000,1387194835573018627
1387194810793140000,1387194810793140225
1387194809404710000,1387194809404715008
1387194807156540000,1387194807156547585
1387194775925790000,1387194775925792768
1387194767847690000,1387194767847698432
1387194755935700000,1387194755935703046
1387194752949430000,1387194752949436417
1387194743319410000,1387194743319416834
1387194740081260000,1387194740081266691
1387194739708000000,1387194739708006403
1387194727343300000,1387194727343300608
1387194725220990000,1387194725220995082
1387194702139620000,1387194702139625475
1387194701212740000,1387194701212749825
1387194699442700000,1387194699442708480
1387194697521800000,1387194697521803269
1387194696364140000,1387194696364142600
1387194693868450000,1387194693868457987
1387194693264490000,1387194693264490497
1387194691934950000,1387194691934953474
1387194686318810000,1387194686318817290
1387194683240020000,1387194683240026112
1387194651883540000,1387194651883544579
1387194642278450000,1387194642278457344
1387194627967660000,1387194627967660033
1387194622271760000,1387194622271762433
1387194614860370000,1387194614860374017
1387194613371310000,1387194613371314178
1387194608057260000,1387194608057262082
1387194596271270000,1387194596271271936
1387194582321040000,1387194582321049602
1387194555699660000,1387194555699662851
1387194551710910000,1387194551710912513
1387194549341080000,1387194549341081609
1387194545549440000,1387194545549447168
1387194527044220000,1387194527044227075
1387194526750720000,1387194526750724097
1387194517980200000,1387194517980205060
1387194514163520000,1387194514163523584
1387194511961490000,1387194511961493507
1387194491325620000,1387194491325624321
1387194486455940000,1387194486455947264
1387194482404250000,1387194482404253697
1387194477962570000,1387194477962571778
1387194473940240000,1387194473940242438
1387194471083870000,1387194471083872256
1387194468713990000,1387194468713996288
1387194465161510000,1387194465161519106
1387194460103050000,1387194460103057409
1387194456684760000,1387194456684761091
1387194447100790000,1387194447100796929
1387194444991150000,1387194444991156231
1387194441614690000,1387194441614692353
1387194439802750000,1387194439802757121
1387194437617560000,1387194437617569802
1387194427530090000,1387194427530092550
1387194414540500000,1387194414540500997
1387194411902110000,1387194411902115842
1387194409058370000,1387194409058377728
1387194403735970000,1387194403735973891
1387194400342610000,1387194400342614016
1387194398086090000,1387194398086090753
1387194378121180000,1387194378121187328
1387194374920880000,1387194374920884230
1387194373624970000,1387194373624979461
1387194361432110000,1387194361432117248
1387194360937300000,1387194360937304071
1387194329639390000,1387194329639395328
1387194315131150000,1387194315131154433
1387194312874610000,1387194312874610689
1387194301986190000,1387194301986197510
1387194291534040000,1387194291534041090
1387194291009770000,1387194291009773570
1387194280716890000,1387194280716898305
1387194277558680000,1387194277558689793
1387194273028790000,1387194273028792320
1387194266217180000,1387194266217185282
1387194261796370000,1387194261796376577
1387194242171240000,1387194242171248646
1387194236114700000,1387194236114702336
1387194228481170000,1387194228481171460
1387194222323890000,1387194222323896323
1387194198881930000,1387194198881935361
1387194196881180000,1387194196881182723
1387194194746250000,1387194194746253312
1387194186777210000,1387194186777219085
1387194174156330000,1387194174156333059
1387194161246340000,1387194161246343170
1387194159602150000,1387194159602159616
1387194155009330000,1387194155009339392
1387194153482670000,1387194153482670080
1387194153256290000,1387194153256296450
1387194148923610000,1387194148923613187
1387194147228970000,1387194147228971010
1387194144037140000,1387194144037146626
1387194143626170000,1387194143626170372
1387194143563150000,1387194143563157505
1387194138681020000,1387194138681020421
1387194138118910000,1387194138118918144
1387194127847200000,1387194127847206913
1387194120964300000,1387194120964300801
1387194113666300000,1387194113666306054
1387194094900870000,1387194094900875275
1387194093311290000,1387194093311299584
1387194088810680000,1387194088810680326
1387194086470290000,1387194086470295553
1387194081634310000,1387194081634312197
1387194080535380000,1387194080535384067
1387194077926530000,1387194077926539265
1387194070435390000,1387194070435393539
1387194069676260000,1387194069676269568
1387194057911320000,1387194057911328773
1387194055352790000,1387194055352799233
1387194052651710000,1387194052651716613
1387194040194560000,1387194040194568194
1387194038298740000,1387194038298742788
1387194029851430000,1387194029851430915
1387194028949630000,1387194028949639174
1387194021525680000,1387194021525688320
1387194020946980000,1387194020946980866
1387194006275290000,1387194006275297288
1387193999769930000,1387193999769939968
1387193993272900000,1387193993272905729
1387193988038360000,1387193988038365186
1387193987858050000,1387193987858059265
1387193986620690000,1387193986620694528
1387193981692370000,1387193981692379137
1387193981105160000,1387193981105164292
1387193978513230000,1387193978513235968
1387193972141920000,1387193972141924352
1387193957453600000,1387193957453602820
1387193957176640000,1387193957176643584
1387193949849320000,1387193949849325569
1387193947085320000,1387193947085320196
1387193940642830000,1387193940642836485
1387193939329910000,1387193939329912834
1387193938218410000,1387193938218418178
1387193936792490000,1387193936792498179
1387193924670950000,1387193924670955520
1387193919423880000,1387193919423885313
1387193919176310000,1387193919176314890
1387193912897460000,1387193912897462278
1387193910955490000,1387193910955499520
1387193869855560000,1387193869855563778
1387193857268450000,1387193857268453377
1387193849907490000,1387193849907499008
1387193841523030000,1387193841523036164
1387193839648130000,1387193839648133120
1387193837106300000,1387193837106307076
1387193833025380000,1387193833025384448
1387193830039070000,1387193830039072768
1387193829938190000,1387193829938196481
1387193822023670000,1387193822023671813
1387193818345310000,1387193818345312259
1387193817598620000,1387193817598627841
1387193817518920000,1387193817518927872
1387193814520000000,1387193814520000512
1387193802050310000,1387193802050310144
1387193799533730000,1387193799533731844
1387193797868720000,1387193797868728325
1387193786564970000,1387193786564976640
1387193784711010000,1387193784711012352
1387193780223150000,1387193780223152128
1387193762485620000,1387193762485620742
1387193760799390000,1387193760799395840
1387193760564400000,1387193760564404228
1387193750452060000,1387193750452068353
1387193743179190000,1387193743179198466
1387193738607400000,1387193738607407108
1387193729493000000,1387193729493004291
1387193709540880000,1387193709540880386
1387193707384990000,1387193707384999944
1387193688481300000,1387193688481308678
1387193670202530000,1387193670202531850
1387193668176690000,1387193668176695296
1387193667723700000,1387193667723702281
1387193665630650000,1387193665630658564
1387193661079830000,1387193661079838721
1387193653995740000,1387193653995741184
1387193647515320000,1387193647515324417
1387193644541620000,1387193644541628417
1387193643253980000,1387193643253985281
1387193633888110000,1387193633888116738
1387193633590410000,1387193633590419456
1387193630146930000,1387193630146932736
1387193628150300000,1387193628150308864
1387193603118840000,1387193603118845953
1387193601747260000,1387193601747267589
1387193597393510000,1387193597393518596
1387193595329850000,1387193595329859587
1387193593899660000,1387193593899667456
1387193593870350000,1387193593870356484
1387193591676630000,1387193591676637184
1387193583304900000,1387193583304904705
1387193583208440000,1387193583208443906
1387193581958430000,1387193581958438912
1387193581807440000,1387193581807443971
1387193574245080000,1387193574245081090
1387193574131970000,1387193574131970052
1387193553990860000,1387193553990868994
1387193550543230000,1387193550543233031
1387193542771100000,1387193542771101704
1387193540107640000,1387193540107640835
1387193539692400000,1387193539692400640
1387193536844600000,1387193536844603393
1387193532176160000,1387193532176166912
1387193514094620000,1387193514094628865
1387193507870290000,1387193507870298119
1387193505722680000,1387193505722683392
1387193497892130000,1387193497892134913
1387193466426430000,1387193466426433536
1387193458725570000,1387193458725572610
1387193457597460000,1387193457597460480
1387193456586470000,1387193456586477573
1387193451221960000,1387193451221962754
1387193449468800000,1387193449468809220
1387193443701730000,1387193443701731331
1387193435296210000,1387193435296210945
1387193426819660000,1387193426819665921
1387193421228500000,1387193421228503040
1387193420968570000,1387193420968570886
1387193420029040000,1387193420029042689
1387193419596970000,1387193419596976128
1387193413683090000,1387193413683097601
1387193409069200000,1387193409069207557
1387193408855360000,1387193408855363586
1387193391021280000,1387193391021281283
1387193371924560000,1387193371924566018
1387193368632040000,1387193368632045570
1387193362046910000,1387193362046914565
1387193355575070000,1387193355575074817
1387193352899140000,1387193352899149827
1387193352051850000,1387193352051855362
1387193349644460000,1387193349644460041
1387193336767950000,1387193336767950848
1387193330455360000,1387193330455367680
1387193327238450000,1387193327238455298
1387193319340620000,1387193319340625922
1387193302756340000,1387193302756347909
1387193295940600000,1387193295940603905
1387193293038000000,1387193293038002176
1387193290806770000,1387193290806775810
1387193288201990000,1387193288201998336
1387193287300320000,1387193287300329474
1387193287207900000,1387193287207907331
1387193284074810000,1387193284074815488
1387193282409610000,1387193282409615362
1387193275954590000,1387193275954597890
1387193247991270000,1387193247991275520
1387193245369700000,1387193245369700355
1387193239250370000,1387193239250378757
1387193229578170000,1387193229578178560
1387193219239310000,1387193219239317509
1387193216491860000,1387193216491868164
1387193204752060000,1387193204752064515
1387193198699810000,1387193198699814914
1387193198418740000,1387193198418743298
1387193197768720000,1387193197768724489
1387193174540620000,1387193174540627968
1387193169880570000,1387193169880571907
1387193164960760000,1387193164960763906
1387193155540350000,1387193155540357121
1387193142710050000,1387193142710054917
1387193138356230000,1387193138356232194
1387193135206250000,1387193135206256643
1387193125047860000,1387193125047869440
1387193119184200000,1387193119184203778
1387193113119110000,1387193113119117313
1387193107804860000,1387193107804868611
1387193103472260000,1387193103472267267
1387193085596090000,1387193085596094467
1387193077346050000,1387193077346054144
1387193068382720000,1387193068382720000
1387193067778840000,1387193067778842627
1387193063685200000,1387193063685206017
1387193053287350000,1387193053287358464
1387193051022430000,1387193051022430210
1387193048572990000,1387193048572993538
1387193046803030000,1387193046803038211
1387193040012400000,1387193040012406785
1387193038850690000,1387193038850695169
1387193023977550000,1387193023977558018
1387193022849370000,1387193022849372175
1387193020911690000,1387193020911693824
1387193008509100000,1387193008509104129
1387193005157790000,1387193005157797889
1387192993627610000,1387192993627611141
1387192988971970000,1387192988971974661
1387192979455040000,1387192979455049729
1387192967610430000,1387192967610437635
1387192966926710000,1387192966926716928
1387192964456320000,1387192964456321025
1387192962019370000,1387192962019377155
1387192961386130000,1387192961386139648
1387192957397340000,1387192957397348354
1387192952200570000,1387192952200572928
1387192947364540000,1387192947364540419
1387192937633650000,1387192937633652736
1387192919656960000,1387192919656968194
1387192900283410000,1387192900283416581
1387192892544800000,1387192892544806914
1387192871468550000,1387192871468552195
1387192867467160000,1387192867467169792
1387192861616000000,1387192861616009218
1387192859690890000,1387192859690893313
1387192835670030000,1387192835670036480
1387192834118250000,1387192834118258690
1387192832184750000,1387192832184750084
1387192829370270000,1387192829370277891
1387192823653570000,1387192823653576710
1387192819073310000,1387192819073310720
1387192815692780000,1387192815692783619
1387192795778240000,1387192795778240525
1387192794511330000,1387192794511331334
1387192792342950000,1387192792342953985
1387192790849710000,1387192790849712128
1387192790304500000,1387192790304509952
1387192789247530000,1387192789247533056
1387192788123480000,1387192788123480065
1387192786110140000,1387192786110144520
1387192776463310000,1387192776463314944
1387192764589210000,1387192764589215744
1387192759782670000,1387192759782678528
1387192751775700000,1387192751775703044
1387192744490060000,1387192744490061824
1387192741914930000,1387192741914939393
1387192734218390000,1387192734218391553
1387192730405580000,1387192730405588995
1387192722893630000,1387192722893639681
1387192718246380000,1387192718246387718
1387192717638200000,1387192717638205445
1387192712525400000,1387192712525402116
1387192709853720000,1387192709853720588
1387192708326880000,1387192708326887425
1387192704140980000,1387192704140988416
1387192703394350000,1387192703394353153
1387192696259760000,1387192696259764229
1387192694968140000,1387192694968143876
1387192694800350000,1387192694800359427
1387192690547110000,1387192690547118082
1387192688223700000,1387192688223703041
1387192688059960000,1387192688059969537
1387192675212850000,1387192675212857344
1387192663699490000,1387192663699492864
1387192661413590000,1387192661413597185
1387192650768560000,1387192650768568324
1387192639435500000,1387192639435509761
1387192637057160000,1387192637057163266
1387192624092750000,1387192624092753921
1387192617251660000,1387192617251663872
1387192616249340000,1387192616249344001
1387192600868930000,1387192600868933636
1387192599472220000,1387192599472222210
1387192591461090000,1387192591461097472
1387192590127280000,1387192590127280129
1387192589007420000,1387192589007429632
1387192582661360000,1387192582661365761
1387192577137390000,1387192577137397762
1387192576088830000,1387192576088834049
1387192572163110000,1387192572163117056
1387192567062660000,1387192567062663169
1387192566077180000,1387192566077181955
1387192561161350000,1387192561161359365
1387192560737780000,1387192560737787906
1387192557877210000,1387192557877219329
1387192554848980000,1387192554848985093
1387192542853090000,1387192542853095426
1387192538847750000,1387192538847752193
1387192537429930000,1387192537429938176
1387192535915790000,1387192535915790338
1387192533688720000,1387192533688725510
1387192527237910000,1387192527237918721
1387192526810060000,1387192526810066953
1387192521252560000,1387192521252560898
1387192510787810000,1387192510787817474
1387192500117410000,1387192500117413889
1387192479116520000,1387192479116529664
1387192476176240000,1387192476176244739
1387192474611770000,1387192474611773442
1387192470895790000,1387192470895792128
1387192467380860000,1387192467380862976
1387192465103360000,1387192465103360000
1387192462247080000,1387192462247088133
1387192455775360000,1387192455775367172
1387192451706720000,1387192451706720258
1387192451232710000,1387192451232718848
1387192450142260000,1387192450142261248
1387192444694010000,1387192444694016004
1387192432002050000,1387192432002052096
1387192412997610000,1387192412997619715
1387192409444970000,1387192409444978699
1387192395754660000,1387192395754663944
1387192394869730000,1387192394869739520
1387192390507710000,1387192390507712515
1387192387177430000,1387192387177431055
1387192382173630000,1387192382173634564
1387192379896120000,1387192379896123398
1387192379308970000,1387192379308974080
1387192361520740000,1387192361520746496
1387192356655480000,1387192356655480833
1387192349181150000,1387192349181153281
1387192347113390000,1387192347113390080
1387192344513060000,1387192344513064961
1387192342466210000,1387192342466211843
1387192342206150000,1387192342206156803
1387192331741180000,1387192331741188096
1387192330080370000,1387192330080374784
1387192322304110000,1387192322304118788
1387192314150400000,1387192314150408196
1387192310530670000,1387192310530678785
1387192310056700000,1387192310056701956
1387192309595260000,1387192309595262980
1387192298472180000,1387192298472189955
1387192289114650000,1387192289114656768
1387192285553560000,1387192285553565696
1387192282118600000,1387192282118606852
1387192281359430000,1387192281359437824
1387192281250340000,1387192281250340864
1387192275122490000,1387192275122499584
1387192265144030000,1387192265144033283
1387192256378060000,1387192256378064897
1387192241773490000,1387192241773494279
1387192240934630000,1387192240934633472
1387192239751710000,1387192239751716865
1387192227999280000,1387192227999281155
1387192225474490000,1387192225474490370
1387192213524940000,1387192213524946948
1387192211775880000,1387192211775885315
1387192206864280000,1387192206864289797
1387192192725180000,1387192192725184512
1387192191269860000,1387192191269867521
1387192189453750000,1387192189453754373
1387192153336460000,1387192153336467456
1387192149624720000,1387192149624729605
1387192146680330000,1387192146680336388
1387192145535180000,1387192145535188994
1387192124278460000,1387192124278464513
1387192117991070000,1387192117991075840
1387192107417450000,1387192107417456646
1387192092686880000,1387192092686884868
1387192091663600000,1387192091663609857
1387192091046930000,1387192091046932481
1387192088693980000,1387192088693989376
1387192085841860000,1387192085841862657
1387192084835170000,1387192084835176451
1387192083786700000,1387192083786706952
1387192067718350000,1387192067718356994
1387192067114220000,1387192067114225671
1387192065616920000,1387192065616928770
1387192058654430000,1387192058654433286
1387192053990250000,1387192053990256640
1387192039985610000,1387192039985618947
1387192039889010000,1387192039889014791
1387192038882510000,1387192038882516993
1387192031689250000,1387192031689256961
1387192030011350000,1387192030011355141
1387192025347280000,1387192025347280899
1387192022423960000,1387192022423965699
1387192019588500000,1387192019588501504
1387192016254030000,1387192016254038017
1387192013053780000,1387192013053784073
1387192007446110000,1387192007446118406
1387192006280110000,1387192006280110080
1387191975288480000,1387191975288483846
1387191956464400000,1387191956464406530
1387191956401440000,1387191956401442816
1387191935509530000,1387191935509536770
1387191926164750000,1387191926164754433
1387191919084590000,1387191919084593156
1387191918266750000,1387191918266753026
1387191904501050000,1387191904501059588
1387191893763760000,1387191893763760128
1387191887161870000,1387191887161872387
1387191872184090000,1387191872184098826
1387191861937320000,1387191861937324034
1387191859852840000,1387191859852845061
1387191852713990000,1387191852713996290
1387191851069880000,1387191851069882375
1387191843876750000,1387191843876753416
1387191841464880000,1387191841464885248
1387191837606250000,1387191837606256647
1387191833491640000,1387191833491644417
1387191824285060000,1387191824285061124
1387191820162140000,1387191820162146305
1387191820069870000,1387191820069871617
1387191815858650000,1387191815858655235
1387191802185140000,1387191802185146368
1387191800390160000,1387191800390160385
1387191783109630000,1387191783109632005
1387191781943610000,1387191781943619585
1387191779762570000,1387191779762577409
1387191779494080000,1387191779494088709
1387191777107610000,1387191777107619840
1387191763606020000,1387191763606020096
1387191751165680000,1387191751165681665
1387191750335370000,1387191750335373320
1387191749433510000,1387191749433516040
1387191745826400000,1387191745826406402
1387191739346300000,1387191739346309122
1387191731511200000,1387191731511201794
1387191705284360000,1387191705284366340
1387191703795150000,1387191703795159041
1387191699361860000,1387191699361861633
1387191699210910000,1387191699210915848
1387191685772450000,1387191685772451843
1387191675504790000,1387191675504795651
1387191673055330000,1387191673055334400
1387191668974170000,1387191668974174209
1387191659650190000,1387191659650195456
1387191645616100000,1387191645616103424
1387191643850290000,1387191643850293250
1387191643468550000,1387191643468550148
1387191627450560000,1387191627450564611
1387191626129310000,1387191626129313792
1387191623751280000,1387191623751282691
1387191617942080000,1387191617942085633
1387191611994640000,1387191611994644487
1387191611558330000,1387191611558334472
1387191608941050000,1387191608941056001
1387191608399970000,1387191608399974401
1387191607410050000,1387191607410057216
1387191604050490000,1387191604050493441
1387191589584390000,1387191589584392193
1387191585260060000,1387191585260064772
1387191581900510000,1387191581900517378
1387191581300590000,1387191581300592641
1387191574615010000,1387191574615011331
1387191571314090000,1387191571314094081
1387191569288080000,1387191569288089605
1387191557535580000,1387191557535584259
1387191551516940000,1387191551516946432
1387191546873670000,1387191546873671680
1387191536119600000,1387191536119603204
1387191532072150000,1387191532072153089
1387191531812090000,1387191531812098054
1387191530994200000,1387191530994208776
1387191530406900000,1387191530406903811
1387191525956880000,1387191525956886531
1387191524526590000,1387191524526596101
1387191512320990000,1387191512320995328
1387191510995770000,1387191510995771398
1387191499100670000,1387191499100672005
1387191494977620000,1387191494977626113
1387191480658410000,1387191480658415620
1387191479244920000,1387191479244926976
1387191477332160000,1387191477332168704
1387191475902060000,1387191475902062600
1387191475046280000,1387191475046285315
1387191474350140000,1387191474350141441
1387191473129490000,1387191473129492480
1387191467274280000,1387191467274289153
1387191466049510000,1387191466049511425
1387191458151730000,1387191458151735297
1387191458101290000,1387191458101297154
1387191455240810000,1387191455240818690
1387191454087400000,1387191454087401476
1387191448014090000,1387191448014098432
1387191443802960000,1387191443802963968
1387191438061020000,1387191438061023234
1387191436680910000,1387191436680916994
1387191436576120000,1387191436576129025
1387191434172850000,1387191434172850188
1387191430876040000,1387191430876041216
1387191428829250000,1387191428829253635
1387191428330130000,1387191428330131458
1387191426912590000,1387191426912591873
1387191423330480000,1387191423330488320
1387191423028570000,1387191423028576256
1387191420105140000,1387191420105146369
1387191415097130000,1387191415097135105
1387191407367100000,1387191407367102464
1387191401528670000,1387191401528676355
1387191389159660000,1387191389159661569
1387191381966430000,1387191381966434309
1387191356892670000,1387191356892672000
1387191345245290000,1387191345245298689
1387191342116130000,1387191342116134912
1387191341759610000,1387191341759619074
1387191339750540000,1387191339750547456
1387191337687170000,1387191337687175175
1387191333815680000,1387191333815681026
1387191328367320000,1387191328367329281
1387191322910540000,1387191322910543875
1387191318926040000,1387191318926041094
1387191315666970000,1387191315666976768
1387191298738820000,1387191298738823170
1387191296264210000,1387191296264216578
1387191289238540000,1387191289238544391
1387191288370320000,1387191288370323457
1387191286961160000,1387191286961168385
1387191281328190000,1387191281328197633
1387191270385360000,1387191270385360902
1387191268862790000,1387191268862795776
1387191258326590000,1387191258326597638
1387191248646180000,1387191248646180872
1387191214815020000,1387191214815027205
1387191192362930000,1387191192362930178
1387191188633970000,1387191188633972739
1387191183668030000,1387191183668035584
1387191176143450000,1387191176143458304
1387191168933320000,1387191168933322755
1387191167490700000,1387191167490707458
1387191142832290000,1387191142832291842
1387191131155400000,1387191131155402753
1387191124398280000,1387191124398280704
1387191112302040000,1387191112302043136
1387191104055950000,1387191104055955461
1387191096090950000,1387191096090955776
1387191089296280000,1387191089296289799
1387191086691530000,1387191086691532803
1387191081826230000,1387191081826234373
1387191078433000000,1387191078433005571
1387191077501810000,1387191077501816840
1387191077367590000,1387191077367595011
1387191077103220000,1387191077103226880
1387191064742790000,1387191064742793218
1387191052721780000,1387191052721786881
1387191050951800000,1387191050951806977
1387191049962070000,1387191049962070016
1387191046904300000,1387191046904303619
1387191042856860000,1387191042856861701
1387191037991570000,1387191037991571457
1387191014893310000,1387191014893318145
1387191002163600000,1387191002163605505
1387190997889730000,1387190997889732608
1387190996983820000,1387190996983820295
1387190988523720000,1387190988523724801
1387190987471060000,1387190987471065097
1387190984816020000,1387190984816029699
1387190983066930000,1387190983066939392
1387190977841040000,1387190977841045505
1387190976947440000,1387190976947441664
1387190974640650000,1387190974640652289
1387190972753320000,1387190972753321989
1387190970588870000,1387190970588876800
1387190968106070000,1387190968106070017
1387190961583890000,1387190961583890434
1387190957624290000,1387190957624291333
1387190947457410000,1387190947457417219
1387190946735910000,1387190946735919106
1387190940914290000,1387190940914290689
1387190933649640000,1387190933649645568
1387190932454480000,1387190932454486023
1387190927693950000,1387190927693959168
1387190927345720000,1387190927345729536
1387190925231900000,1387190925231902723
1387190907661950000,1387190907661950979
1387190899906650000,1387190899906654208
1387190884949760000,1387190884949762048
1387190883427220000,1387190883427225601
1387190880143040000,1387190880143040513
1387190861172250000,1387190861172252682
1387190856847920000,1387190856847925255
1387190852376840000,1387190852376842241
1387190849751160000,1387190849751166979
1387190832411910000,1387190832411914240
1387190825906540000,1387190825906540550
1387190823595520000,1387190823595520002
1387190817123600000,1387190817123602434
1387190804037440000,1387190804037447696
1387190797582290000,1387190797582290945
1387190790607320000,1387190790607327234
1387190785074990000,1387190785074991107
1387190780792490000,1387190780792492035
1387190773460910000,1387190773460914186
1387190767441960000,1387190767441960962
1387190763063210000,1387190763063218178
1387190762354380000,1387190762354380800
1387190759871360000,1387190759871365122
1387190757979680000,1387190757979688960
1387190732289600000,1387190732289609731
1387190720596000000,1387190720596004867
1387190710969970000,1387190710969974784
1387190708914750000,1387190708914753536
1387190707639750000,1387190707639758848
1387190695866380000,1387190695866380289
1387190675918100000,1387190675918102529
1387190674953440000,1387190674953445377
1387190670998260000,1387190670998265860
1387190666577510000,1387190666577514499
1387190650257510000,1387190650257514502
1387190642518930000,1387190642518933505
1387190634163930000,1387190634163933190
1387190629436900000,1387190629436903429
1387190609899930000,1387190609899933699
1387190609656560000,1387190609656561667
1387190590861880000,1387190590861885441
1387190581756140000,1387190581756141568
1387190581625970000,1387190581625974784
1387190567742930000,1387190567742939137
1387190566518140000,1387190566518149124
1387190562961430000,1387190562961432578
1387190558548910000,1387190558548914179
1387190554094620000,1387190554094624768
1387190530182880000,1387190530182889481
1387190500164250000,1387190500164255756
1387190494703210000,1387190494703210497
1387190481206090000,1387190481206095879
1387190470850350000,1387190470850359296
1387190466156820000,1387190466156826633
1387190465477340000,1387190465477349376
1387190465196400000,1387190465196400640
1387190461542980000,1387190461542981634
1387190432103330000,1387190432103337984
1387190421550420000,1387190421550424065
1387190417603570000,1387190417603575812
1387190410804540000,1387190410804547584
1387190404798240000,1387190404798246912
1387190402667740000,1387190402667749381
1387190402508220000,1387190402508222465
1387190387761200000,1387190387761205252
1387190383654970000,1387190383654973443
1387190378932080000,1387190378932080640
1387190372686830000,1387190372686835717
1387190362238820000,1387190362238824452
1387190360342990000,1387190360342990849
1387190360040890000,1387190360040894465
1387190356656090000,1387190356656095235
1387190356274520000,1387190356274520064
1387190336288660000,1387190336288665600
1387190326578840000,1387190326578847749
1387190317049390000,1387190317049393152
1387190312532060000,1387190312532066305
1387190306941110000,1387190306941112323
1387190297013060000,1387190297013063680
1387190295595450000,1387190295595454464
1387190290654660000,1387190290654666753
1387190287282290000,1387190287282294786
1387190278105320000,1387190278105321473
1387190255170750000,1387190255170752516
1387190253212080000,1387190253212086272
1387190237504340000,1387190237504344065
1387190232852820000,1387190232852824065
1387190221645630000,1387190221645631491
1387190220123210000,1387190220123213824
1387190219116470000,1387190219116478464
1387190216428080000,1387190216428081153
1387190213202610000,1387190213202616334
1387190189949440000,1387190189949440012
1387190183385130000,1387190183385133060
1387190177106330000,1387190177106333697
1387190173922990000,1387190173922996227
1387190167140700000,1387190167140700168
1387190160970760000,1387190160970764292
1387190151403670000,1387190151403671552
1387190144583790000,1387190144583798790
1387190141815420000,1387190141815427076
1387190114045110000,1387190114045112321
1387190084135530000,1387190084135530502
1387190082910570000,1387190082910572547
1387190080503170000,1387190080503173122
1387190077051250000,1387190077051256838
1387190071288340000,1387190071288344583
1387190069539310000,1387190069539311623
1387190055958100000,1387190055958106118
1387190055400350000,1387190055400353796
1387190047733130000,1387190047733133312
1387190046462140000,1387190046462144519
1387190045665380000,1387190045665382408
1387190026157620000,1387190026157629442
1387190020893720000,1387190020893724674
1387190020159810000,1387190020159811589
1387190004632410000,1387190004632412168
1387189997489500000,1387189997489508355
1387189997414100000,1387189997414109197
1387189987800640000,1387189987800649733
1387189976555610000,1387189976555610112
1387189976459360000,1387189976459366404
1387189970989770000,1387189970989772800
1387189962920140000,1387189962920140800
1387189962324550000,1387189962324553728
1387189962114610000,1387189962114617345
1387189957387710000,1387189957387710465
1387189949586440000,1387189949586448389
1387189940107230000,1387189940107235331
1387189939637520000,1387189939637522433
1387189937204710000,1387189937204719618
1387189929457980000,1387189929457987585
1387189920712850000,1387189920712859652
1387189908771530000,1387189908771532800
1387189905244230000,1387189905244233730
1387189901511120000,1387189901511127043
1387189891658910000,1387189891658919940
1387189889561610000,1387189889561612289
1387189874940430000,1387189874940432385
1387189869433160000,1387189869433163780
1387189868766190000,1387189868766191619
1387189868078440000,1387189868078448640
1387189862915350000,1387189862915350531
1387189850164670000,1387189850164670471
1387189843688550000,1387189843688558594
1387189843164280000,1387189843164282882
1387189835987810000,1387189835987816453
1387189833588670000,1387189833588674562
1387189828182320000,1387189828182323200
1387189819630090000,1387189819630096388
1387189804186560000,1387189804186566659
1387189801690990000,1387189801690992640
1387189787208160000,1387189787208163334
1387189782468460000,1387189782468460548
1387189779754790000,1387189779754799106
1387189778857200000,1387189778857201667
1387189773337490000,1387189773337497607
1387189763724160000,1387189763724165125
1387189756404980000,1387189756404981762
1387189741108350000,1387189741108355073
1387189741020450000,1387189741020459012
1387189734590450000,1387189734590455808
1387189732791170000,1387189732791173123
1387189731893590000,1387189731893596160
1387189730303900000,1387189730303909888
1387189728433340000,1387189728433348610
1387189704093610000,1387189704093618176
1387189697701570000,1387189697701576710
1387189686146240000,1387189686146244610
1387189684632120000,1387189684632125440
1387189679217250000,1387189679217250307
1387189663559990000,1387189663559999488
1387189646627540000,1387189646627545088
1387189645377680000,1387189645377683463
1387189635411890000,1387189635411894273
1387189633562430000,1387189633562431489
1387189625916210000,1387189625916215316
1387189614759140000,1387189614759141376
1387189595482160000,1387189595482165251
1387189591950630000,1387189591950639105
1387189586275840000,1387189586275840008
1387189577476090000,1387189577476096007
1387189572073920000,1387189572073922562
1387189565753110000,1387189565753118721
1387189565526620000,1387189565526626308
1387189561579780000,1387189561579786241
1387189557074950000,1387189557074952196
1387189552478030000,1387189552478031876
1387189542923290000,1387189542923292674
1387189540323040000,1387189540323045376
1387189539555490000,1387189539555495936
1387189530235740000,1387189530235740160
1387189527945660000,1387189527945662469
1387189514049750000,1387189514049753090
1387189511994620000,1387189511994626052
1387189510660930000,1387189510660935681
1387189509385760000,1387189509385768968
1387189502947560000,1387189502947569671
1387189498061230000,1387189498061234177
1387189497037830000,1387189497037836290
1387189486497450000,1387189486497452035
1387189482135420000,1387189482135425030
1387189476569620000,1387189476569620480
1387189469976090000,1387189469976092672
1387189465664390000,1387189465664393217
1387189460685760000,1387189460685762561
1387189459272310000,1387189459272310789
1387189457921580000,1387189457921581058
1387189453882590000,1387189453882593281
1387189450715840000,1387189450715844608
1387189445066210000,1387189445066215425
1387189444105490000,1387189444105490432
1387189435335320000,1387189435335327745
1387189435322740000,1387189435322744835
1387189430444690000,1387189430444691456
1387189417710910000,1387189417710915584
1387189412644150000,1387189412644151296
1387189411557690000,1387189411557691393
1387189397217550000,1387189397217554434
1387189392586960000,1387189392586969089
1387189390460340000,1387189390460346371
1387189389881740000,1387189389881749506
1387189381488790000,1387189381488799746
1387189374186550000,1387189374186557444
1387189373846830000,1387189373846831104
1387189367203110000,1387189367203115020
1387189361184280000,1387189361184284677
1387189351851960000,1387189351851962377
1387189350832740000,1387189350832746503
1387189347678670000,1387189347678670851
1387189346856480000,1387189346856484864
1387189344490950000,1387189344490950656
1387189339168370000,1387189339168378881
1387189334101650000,1387189334101659654
1387189329303320000,1387189329303322629
1387189329135600000,1387189329135607812
1387189301734160000,1387189301734162432
1387189299230150000,1387189299230150660
1387189290908620000,1387189290908622850
1387189287339410000,1387189287339413508
1387189284382330000,1387189284382330880
1387189282184380000,1387189282184388613
1387189280049560000,1387189280049569796
1387189278388750000,1387189278388756481
1387189276627040000,1387189276627046408
1387189276597680000,1387189276597686276
1387189264023180000,1387189264023183361
1387189258767810000,1387189258767814657
1387189255030640000,1387189255030640650
1387189255009620000,1387189255009624065
1387189253755460000,1387189253755469830
1387189245815790000,1387189245815791625
1387189245815750000,1387189245815754753
1387189241789270000,1387189241789272071
1387189240421780000,1387189240421785607
1387189235074180000,1387189235074183173
1387189234453310000,1387189234453319686
1387189231135620000,1387189231135625217
1387189226836400000,1387189226836402178
1387189217890110000,1387189217890119689
1387189214501080000,1387189214501085184
1387189207983010000,1387189207983017984
1387189206619870000,1387189206619877376
1387189202865900000,1387189202865909760
1387189198923440000,1387189198923440132
1387189197732200000,1387189197732208644
1387189194561350000,1387189194561359883
1387189192791310000,1387189192791318528
1387189191360970000,1387189191360978946
1387189189347780000,1387189189347786756
1387189174441320000,1387189174441320454
1387189171635160000,1387189171635167232
1387189170708300000,1387189170708303873
1387189169160470000,1387189169160474629
1387189146104510000,1387189146104516610
1387189140781820000,1387189140781821952
1387189137401290000,1387189137401290753
1387189133257310000,1387189133257310215
1387189125283970000,1387189125283975172
1387189120263400000,1387189120263409664
1387189112256580000,1387189112256581634
1387189111170140000,1387189111170142208
1387189096624300000,1387189096624308236
1387189096381100000,1387189096381100033
1387189091607970000,1387189091607977987
1387189087069550000,1387189087069556738
1387189084410580000,1387189084410589190
1387189084209220000,1387189084209221636
1387189081243710000,1387189081243717635
1387189069571100000,1387189069571108867
1387189062625210000,1387189062625218564
1387189046405860000,1387189046405865472
1387189031990090000,1387189031990091776
1387189029452450000,1387189029452455938
1387189023462930000,1387189023462936578
1387189013216460000,1387189013216469002
1387189010506800000,1387189010506809347
1387189000763550000,1387189000763551747
1387188999698120000,1387188999698124800
1387188984338530000,1387188984338534400
1387188983076040000,1387188983076048897
1387188975517980000,1387188975517982721
1387188970988210000,1387188970988216321
1387188970233200000,1387188970233204742
1387188968622640000,1387188968622641152
1387188966378680000,1387188966378680323
1387188965816490000,1387188965816496131
1387188964042410000,1387188964042412034
1387188962884820000,1387188962884825091
1387188961706180000,1387188961706184705
1387188960103820000,1387188960103829508
1387188946283670000,1387188946283675650
1387188907704560000,1387188907704561668
1387188900574150000,1387188900574154758
1387188900087610000,1387188900087611396
1387188899290650000,1387188899290652672
1387188889727660000,1387188889727668233
1387188869267820000,1387188869267820547
1387188864800980000,1387188864800985089
1387188855808330000,1387188855808331780
1387188843028390000,1387188843028393989
1387188840616520000,1387188840616525826
1387188831628180000,1387188831628185604
1387188826075020000,1387188826075025409
1387188811982150000,1387188811982155779
1387188809507520000,1387188809507524614
1387188805514540000,1387188805514547200
1387188799873110000,1387188799873110022
1387188794193970000,1387188794193977347
1387188788145880000,1387188788145885190
1387188780822670000,1387188780822671371
1387188777760830000,1387188777760837633
1387188775751660000,1387188775751663616
1387188761172260000,1387188761172267008
1387188753073000000,1387188753073008642
1387188743438800000,1387188743438802948
1387188741417090000,1387188741417099268
1387188740171380000,1387188740171386883
1387188735326960000,1387188735326969857
1387188729433950000,1387188729433952259
1387188704242970000,1387188704242974731
1387188700740790000,1387188700740792327
1387188700560330000,1387188700560334855
1387188698177940000,1387188698177949696
1387188691383300000,1387188691383300101
1387188689453910000,1387188689453912065
1387188681832860000,1387188681832869893
1387188670034230000,1387188670034239491
1387188663436680000,1387188663436681216
